indice_metronomo,tiempo_metronomo,amplitud_tambor,indice_tambor,tiempo_tambor,diferencia,repetido,sin_asignacion,frecuencia,audio
0,3.786875,,,,,0,1,1,1
1,4.54725,0.32080725,0,4.569625,0.022375000000000256,0,0,1,1
2,5.59475,0.3821657,1,5.475875,-0.11887500000000006,0,0,1,1
3,6.546,0.30466652,2,6.4085,-0.13750000000000018,0,0,1,1
4,7.546,0.34649605,3,7.432,-0.11399999999999988,0,0,1,1
5,8.546,0.37155157,4,8.392,-0.15399999999999991,0,0,1,1
6,9.546,0.34452912,5,9.375625,-0.17037499999999994,0,0,1,1
7,10.5485,0.37632883,6,10.372625,-0.17587500000000134,0,0,1,1
8,11.5485,0.38488406,7,11.38325,-0.16525000000000034,0,0,1,1
9,12.5485,0.3529715,8,12.421125,-0.12737500000000068,0,0,1,1
10,13.546,0.3823661,9,13.3765,-0.16949999999999932,0,0,1,1
11,14.546,0.3521311,10,14.336,-0.20999999999999908,0,0,1,1
12,15.546,0.39130458,11,15.279875,-0.26612499999999883,0,0,1,1
13,16.546,0.31083623,12,16.352125,-0.19387499999999847,0,0,1,1
14,17.546,0.30454907,13,17.395625,-0.15037500000000037,0,0,1,1
15,18.546,0.35209242,14,18.3585,-0.1875,0,0,1,1
16,19.546,0.36991826,15,19.312875,-0.23312500000000114,0,0,1,1
17,20.546,0.32709047,16,20.320125,-0.2258749999999985,0,0,1,1
18,21.546,0.31295305,17,21.27575,-0.27025000000000077,0,0,1,1
19,22.546,0.25992212,18,22.33775,-0.2082499999999996,0,0,1,1
20,23.529625,0.34793952,19,23.335375,-0.19425000000000026,0,0,1,1
21,24.425125,0.29294205,20,24.3325,-0.09262500000000173,0,0,1,1
22,25.309875,0.23504087,21,25.31675,0.0068749999999973,0,0,2,1
23,26.21625,0.36260018,22,26.194875,-0.021374999999999034,0,0,2,1
24,27.11425,0.32371515,23,27.03425,-0.0799999999999983,0,0,2,1
25,28.00725,0.2981733,24,27.89875,-0.10849999999999937,0,0,2,1
26,28.90275,0.3191969,25,28.744,-0.15875000000000128,0,0,2,1
27,29.798375,0.21637264,26,29.650875,-0.14750000000000085,0,0,2,1
28,30.693875,0.20553681,27,30.52625,-0.16762499999999747,0,0,2,1
29,31.589375,0.24832387,28,31.444625,-0.14475000000000193,0,0,2,1
30,32.484875,0.2774254,29,32.383125,-0.10175000000000267,0,0,2,1
31,33.388,0.40262854,30,33.247125,-0.1408750000000012,0,0,2,1
32,34.2785,0.25665817,31,34.156875,-0.12162500000000165,0,0,2,1
33,34.88825,0.34000447,32,35.03625,0.14800000000000324,0,0,3,1
34,35.5005,0.36839348,33,35.642,0.14150000000000063,0,0,3,1
35,36.11275,0.13369109,34,36.13375,0.021000000000000796,0,0,3,1
36,36.7275,0.24054772,35,36.65925,-0.06824999999999903,0,0,3,1
37,37.33725,0.27092946,36,37.205125,-0.13212499999999494,0,0,3,1
38,37.9495,0.1928592,37,37.8085,-0.14099999999999824,0,0,3,1
39,38.561625,0.23994564,38,38.401,-0.16062499999999602,0,0,3,1
40,39.18025,0.29383734,39,39.052875,-0.12737500000000068,0,0,3,1
41,39.786125,0.18984112,40,39.668625,-0.11749999999999972,0,0,3,1
42,40.388875,0.3098731,41,40.2845,-0.10437499999999744,0,0,3,1
43,41.0195,0.29511935,42,40.893125,-0.126375000000003,0,0,3,1
44,41.613375,0.3294922,43,41.513125,-0.10024999999999551,0,0,3,1
45,42.235125,0.19105428,44,42.142875,-0.09224999999999994,0,0,3,1
46,42.847375,0.2698271,45,42.716875,-0.13049999999999784,0,0,3,1
47,43.462125,0.24678427,46,43.32925,-0.13287499999999852,0,0,3,1
48,44.071875,0.25833267,47,43.9305,-0.14137499999999648,0,0,3,1
49,44.686625,0.33783486,48,44.531875,-0.15474999999999994,0,0,3,1
50,45.296375,0.19676149,49,45.167625,-0.1287499999999966,0,0,3,1
51,45.908625,0.2901371,50,45.727625,-0.18099999999999739,0,0,3,1
52,46.520875,0.26965132,51,46.319,-0.20187499999999403,0,0,3,1
53,47.133125,0.27431053,52,46.951,-0.1821249999999992,0,0,3,1
54,47.745375,0.2686839,53,47.589375,-0.1560000000000059,0,0,3,1
55,48.357625,0.24416478,54,48.159875,-0.1977499999999992,0,0,3,1
56,48.972375,0.2262826,55,48.74825,-0.2241250000000008,0,0,3,1
57,49.582125,0.26318738,56,49.296625,-0.285499999999999,0,0,3,1
58,50.194375,,,,,0,1,3,1
59,50.806625,0.33943588,57,50.563,-0.24362499999999443,0,0,3,1
60,51.418875,0.2755068,58,51.19075,-0.22812499999999858,0,0,3,1
61,52.031125,0.33358705,59,51.779625,-0.25150000000000006,0,0,3,1
62,52.643375,0.25706747,60,52.946375,0.3030000000000044,0,0,3,1
63,53.255625,0.2889786,61,53.55775,0.30212499999999665,0,0,3,1
64,53.867875,,,,,0,1,3,1
65,54.480125,0.33772832,62,54.198125,-0.2820000000000036,0,0,3,1
66,55.092375,0.19910297,63,54.8225,-0.269874999999999,0,0,3,1
67,55.704625,0.14943391,64,55.4525,-0.2521249999999995,0,0,4,1
68,56.221375,0.21162416,65,56.21875,-0.002625000000001876,0,0,4,1
69,56.75725,0.27323967,66,56.77,0.012750000000004036,0,0,4,1
70,57.284875,0.29627818,67,57.22225,-0.06262499999999704,0,0,4,1
71,57.811125,0.28613302,68,57.687375,-0.12374999999999403,0,0,4,1
72,58.326625,0.20356728,69,58.14325,-0.18337499999999807,0,0,4,1
73,58.8625,0.27610967,70,58.6225,0.23999999999999488,1,0,4,1
73,58.8625,0.30011252,71,59.102125,0.23962500000000375,0,0,4,1
74,59.388875,0.2692551,72,59.58225,0.19337500000000318,0,0,4,1
75,59.915125,0.24182124,73,60.046125,0.13100000000000023,0,0,4,1
76,60.4415,0.16034289,74,60.525375,0.08387499999999903,0,0,4,1
77,60.96775,0.21051447,75,60.992625,0.02487499999999443,0,0,4,1
78,61.496625,0.3010848,76,61.453375,-0.043250000000000455,0,0,4,1
79,62.010875,0.25784624,77,61.929125,-0.08174999999999955,0,0,4,1
80,62.548,0.3100776,78,62.39325,-0.15474999999999994,0,0,4,1
81,63.073125,0.28244516,79,62.842875,0.23024999999999807,1,0,4,1
81,63.073125,0.26732564,80,63.284,0.21087500000000148,0,0,4,1
82,63.599375,0.23587734,81,63.7055,0.10612499999999869,0,0,4,1
83,64.116125,0.18993407,82,64.166875,0.050750000000007844,0,0,4,1
84,64.65325,0.31679055,83,64.5985,-0.05474999999999852,0,0,4,1
85,65.179625,0.36230132,84,65.054875,-0.12475000000000591,0,0,4,1
86,65.704625,0.27453104,85,65.497875,-0.20674999999999955,0,0,4,1
87,66.231,0.29393893,86,65.969,0.26200000000000045,1,0,4,1
87,66.231,0.24961306,87,66.415625,0.18462500000001114,0,0,4,1
88,66.75725,0.2497841,88,66.86325,0.10599999999999454,0,0,4,1
89,67.286125,0.31146488,89,67.32175,0.03562499999999602,0,0,5,1
90,67.706125,0.23580569,90,67.771125,0.06499999999999773,0,0,5,1
91,68.128625,0.25919467,91,68.22,0.09137499999999932,0,0,5,1
92,68.55125,0.24194048,92,68.586625,0.03537500000000193,0,0,5,1
93,68.97625,0.13354859,93,68.95425,-0.02199999999999136,0,0,5,1
94,69.3975,0.24629027,94,69.3095,-0.08799999999999386,0,0,5,1
95,69.821375,0.23442455,95,69.71925,-0.10212500000000091,0,0,5,1
96,70.241375,0.26624376,96,70.125625,-0.11575000000000557,0,0,5,1
97,70.663875,0.21230155,97,70.53075,-0.13312500000000682,0,0,5,1
98,71.086375,0.23999837,98,70.962875,-0.12350000000000705,0,0,5,1
99,71.509,0.27550954,99,71.32675,-0.18224999999999625,0,0,5,1
100,71.9315,0.1906244,100,71.732125,-0.1993750000000034,0,0,5,1
101,72.354,0.19950274,101,72.15775,0.19625000000000625,1,0,5,1
101,72.354,0.2728607,102,72.529875,0.1758750000000049,0,0,5,1
102,72.776625,0.31907588,103,72.93425,0.15762500000001012,0,0,5,1
103,73.199125,0.31954738,104,73.34275,0.1436250000000001,0,0,5,1
104,73.621625,0.15385309,105,73.763125,0.14150000000000773,0,0,5,1
105,74.034625,0.19991693,106,74.155125,0.12049999999999272,0,0,5,1
106,74.46675,0.238612,107,74.4755,0.008749999999992042,0,0,5,1
107,74.88925,0.19500786,108,74.867375,-0.021875000000008527,0,0,5,1
108,75.31425,0.267838,109,75.260125,-0.05412499999999909,0,0,5,1
109,75.735625,0.2843716,110,75.689375,-0.04625000000000057,0,0,5,1
110,76.156875,0.29717,111,76.028625,-0.1282499999999942,0,0,5,1
111,76.579375,0.24126396,112,76.42325,-0.15612500000000296,0,0,5,1
112,76.992375,0.26661834,113,76.803375,-0.18899999999999295,0,0,5,1
112,76.992375,0.29034126,114,77.188,-0.19562500000000682,1,0,5,1
113,77.4245,0.23219626,115,77.563875,0.13937500000000114,0,0,5,1
114,77.847,0.29981148,116,77.952125,0.10512500000000102,0,0,5,1
115,78.2695,0.28675857,117,78.33075,0.06125000000000114,0,0,5,1
116,78.692125,0.20716627,118,78.704125,0.012000000000000455,0,0,5,1
117,79.117125,0.30707005,119,79.08225,-0.034874999999999545,0,0,5,1
118,79.538375,0.17603834,120,79.47925,-0.059125000000008754,0,0,5,1
119,79.96225,0.27508068,121,79.817875,-0.1443749999999966,0,0,5,1
120,80.38225,0.19792813,122,80.177625,0.20462499999999295,1,0,5,1
120,80.38225,0.34783036,123,80.548875,0.16662499999999625,0,0,5,1
121,80.80475,0.2353602,124,80.90675,0.10200000000000387,0,0,5,1
122,81.21775,0.1859137,125,81.276,0.05825000000000102,0,0,5,1
123,81.649875,0.20996274,126,81.672,0.022125000000002615,0,0,5,1
124,82.072375,0.35219765,127,82.103625,0.03125,0,0,5,1
125,82.485375,0.3437189,128,82.518625,0.03324999999999534,0,0,5,1
126,82.9175,0.2748315,129,82.930125,0.012624999999999886,0,0,5,1
127,83.34,0.3369474,130,83.32425,-0.015749999999997044,0,0,5,1
128,83.7625,0.31834942,131,83.736,-0.026499999999998636,0,0,5,1
129,84.1755,0.3355664,132,84.16175,-0.013750000000001705,0,0,5,1
130,84.610125,0.30534104,133,84.553625,-0.05649999999999977,0,0,5,1
131,85.031375,0.2263552,134,84.955625,-0.07574999999999932,0,0,5,1
132,85.443125,0.24516365,135,85.35275,-0.09037499999999454,0,0,5,1
133,85.87775,0.28221726,136,85.749875,-0.12787500000000307,0,0,5,1
134,86.30025,0.34043568,137,86.1435,-0.1567500000000024,0,0,5,1
135,86.71075,0.29465166,138,86.524125,-0.18662500000000648,0,0,5,1
135,86.71075,0.28310817,139,86.923375,-0.21262499999998852,1,0,5,1
136,87.144125,0.27021164,140,87.302875,0.15874999999999773,0,0,5,1
137,87.565375,0.26113406,141,87.651125,0.08574999999999022,0,0,5,1
138,87.987875,0.36874244,142,88.02175,0.03387499999999477,0,0,5,1
139,88.418,0.27318913,143,88.381625,-0.03637500000000671,0,0,5,1
140,88.83425,0.25064301,144,88.758125,-0.07612499999999045,0,0,5,1
141,89.2555,0.32552463,145,89.102375,-0.15312500000000284,0,0,5,1
141,89.2555,0.3195088,146,89.443875,-0.18837500000000773,1,0,5,1
142,89.678,0.34047598,147,89.782625,0.10462499999999864,0,0,5,1
143,90.100625,0.2743119,148,90.10275,0.002125000000006594,0,0,5,1
144,90.523125,0.39036965,149,90.472625,-0.050499999999999545,0,0,5,1
145,90.945625,0.22778612,150,90.8565,-0.08912500000000989,0,0,5,1
146,91.37575,0.30737126,151,91.286625,-0.08912499999999568,0,0,5,1
147,91.79325,0.3364068,152,91.707,-0.08625000000000682,0,0,5,1
148,92.21325,0.24457417,153,92.134125,-0.07912500000000477,0,0,5,1
149,92.62625,0.39319834,154,92.6025,-0.02374999999999261,0,0,5,1
150,93.0475,0.36167002,155,93.046875,-0.0006249999999994316,0,0,5,1
151,93.480875,0.1499131,156,93.501875,0.021000000000000796,0,0,5,1
152,93.893875,0.36288077,157,93.898625,0.004750000000001364,0,0,5,1
153,94.326,0.34299636,158,94.26975,-0.056249999999991473,0,0,5,1
154,94.7485,0.43622398,159,94.683125,-0.06537500000000307,0,0,5,1
155,95.171,0.29277906,160,95.095125,-0.07587500000001057,0,0,5,1
156,95.584,0.09123342,161,95.58275,-0.0012499999999988631,0,0,5,1
157,96.018625,0.34355178,162,95.948625,-0.06999999999999318,0,0,5,1
158,96.439875,0.38167432,163,96.366625,-0.07325000000000159,0,0,5,1
159,96.861125,0.36707458,164,96.781875,-0.07925000000000182,0,0,5,1
160,97.28375,0.3256412,165,97.17625,-0.1075000000000017,0,0,5,1
161,97.52825,0.26430145,166,97.574625,0.04637499999999761,0,0,5,1
162,97.95075,0.349133,167,97.96,0.00924999999999443,0,0,5,1
163,98.36375,0.38546458,168,98.387625,0.023875000000003865,0,0,5,1
164,98.800875,0.23144032,169,98.7515,-0.04937500000001194,0,0,5,1
165,99.218375,0.27810958,170,99.13325,-0.08512499999999079,0,0,5,1
166,99.631375,0.3757666,171,99.53925,-0.09212500000001,0,0,5,1
167,100.0635,0.32958278,172,99.9125,-0.15100000000001046,0,0,5,1
168,100.486,0.18746509,173,100.4055,-0.08050000000000068,0,0,5,1
169,100.9085,0.27998316,174,100.793875,-0.11462500000000375,0,0,5,1
170,101.331125,0.23199263,175,101.19825,-0.13287499999999852,0,0,5,1
171,101.756125,0.33240178,176,101.59125,-0.164874999999995,0,0,5,1
172,102.176125,0.2789173,177,102.013375,-0.16275000000000261,0,0,5,1
173,102.589125,0.33507976,178,102.43825,-0.1508749999999992,0,0,5,1
173,102.589125,0.3417169,179,102.85275,-0.26362500000000466,1,0,5,1
174,103.140625,0.29183617,180,103.279125,0.1384999999999934,0,0,5,1
175,103.57275,0.28579548,181,103.726375,0.15362500000000523,0,0,5,1
176,103.99525,0.16603597,182,104.1695,0.17425000000000068,0,0,5,1
177,104.40825,0.34609187,183,104.58125,0.17300000000000182,0,0,5,1
178,104.842875,0.35192817,184,104.990875,0.14799999999999613,0,0,5,1
179,105.262875,0.36093324,185,105.403875,0.14100000000000534,0,0,5,1
180,105.675875,0.07845643,186,105.816125,0.14024999999999466,0,0,5,1
181,106.108,0.10296104,187,106.196875,0.08887500000000159,0,0,5,1
182,106.5305,0.24814406,188,106.605125,0.0746249999999975,0,0,5,1
183,106.953,0.1931231,189,107.029,0.0759999999999934,0,0,5,1
184,107.366,0.27320367,190,107.409875,0.043874999999999886,0,0,5,1
185,107.78725,0.2845471,191,107.791125,0.0038749999999936335,0,0,6,1
186,108.14025,0.14936705,192,108.2005,0.06025000000001057,0,0,6,1
187,108.470375,0.31180772,193,108.527625,0.05724999999999625,0,0,6,1
188,108.822125,0.23329234,194,108.848375,0.026250000000004547,0,0,6,1
189,109.163,0.40848678,195,109.150875,-0.012124999999997499,0,0,6,1
190,109.503875,0.32727495,196,109.45875,-0.04512499999999875,0,0,6,1
191,109.846125,0.37023348,197,109.7705,-0.07562500000000227,0,0,6,1
192,110.187,0.269241,198,110.089,-0.09799999999999898,0,0,6,1
193,110.525375,0.15287375,199,110.370125,0.15524999999999523,1,0,6,1
193,110.525375,0.20993596,200,110.6635,0.13812500000000227,0,0,6,1
194,110.85675,0.3166012,201,110.951,0.09424999999998818,0,0,6,1
195,111.20725,0.21638441,202,111.228,0.020749999999992497,0,0,6,1
196,111.548125,0.29066226,203,111.51425,-0.03387499999999477,0,0,6,1
197,111.889,0.29743212,204,111.82975,-0.05924999999999159,0,0,6,1
198,112.23,0.30625543,205,112.105875,-0.12412500000000648,0,0,6,1
198,112.23,0.2855711,206,112.382,-0.15200000000000102,1,0,6,1
199,112.570875,0.2508521,207,112.638375,0.06749999999999545,0,0,6,1
200,112.91175,0.27890402,208,112.9145,0.0027500000000060254,0,0,6,1
201,113.252625,0.26315477,209,113.16675,-0.08587500000000148,0,0,6,1
202,113.593625,0.07974369,210,113.42325,0.17037500000000705,1,0,6,1
202,113.593625,0.29217622,211,113.65275,0.05912499999999454,0,0,6,1
203,113.937,0.2338058,212,113.852125,-0.0848749999999967,0,0,6,1
204,114.275375,0.29041517,213,114.1285,0.14687499999999432,1,0,6,1
204,114.275375,0.26647326,214,114.372875,0.09749999999999659,0,0,6,1
205,114.60675,0.13707863,215,114.665625,0.058875000000000455,0,0,6,1
206,114.95725,0.194435,216,114.844125,-0.11312499999999659,0,0,6,1
206,114.95725,0.30347317,217,115.087625,-0.1303750000000008,1,0,6,1
207,115.299375,0.24249786,218,115.350625,0.05124999999999602,0,0,6,1
208,115.639,0.27482608,219,115.591625,-0.04737500000000239,0,0,6,1
209,115.970375,0.123199955,220,115.844,-0.12637500000001012,0,0,6,1
209,115.970375,0.20296036,221,116.13025,-0.15987499999999955,1,0,6,1
210,116.322125,0.1842046,222,116.35275,0.03062500000000057,0,0,6,1
211,116.66175,0.27076188,223,116.576125,-0.08562499999999318,0,0,6,1
0,5.98275,0.1522327,0,6.0425,0.05975000000000019,0,0,1,2
1,6.973125,0.15556936,1,7.009375,0.03625000000000078,0,0,1,2
2,7.973125,0.07977251,2,8.043625,0.0705000000000009,0,0,1,2
3,8.98275,0.14517505,3,8.988875,0.006125000000000824,0,0,1,2
4,9.98275,0.12741804,4,9.939875,-0.042874999999998664,0,0,1,2
5,10.99025,0.19815084,5,10.956375,-0.0338750000000001,0,0,1,2
6,11.969375,0.21787703,6,11.97275,0.003375000000000128,0,0,1,2
7,12.98275,0.17361873,7,12.9505,-0.032249999999999446,0,0,1,2
8,13.98775,0.17874503,8,13.931,-0.056750000000000966,0,0,1,2
9,14.98275,0.22514658,9,14.96275,-0.019999999999999574,0,0,1,2
10,15.98275,0.19098796,10,15.964125,-0.018625000000000114,0,0,1,2
11,16.984,0.19999988,11,16.961,-0.02300000000000324,0,0,1,2
12,17.98525,0.14640781,12,17.9975,0.012249999999998096,0,0,1,2
13,18.98525,0.2680989,13,18.959125,-0.026125000000000398,0,0,1,2
14,19.984,0.2693332,14,19.940125,-0.04387500000000344,0,0,1,2
15,20.984,0.20503186,15,20.93125,-0.05275000000000318,0,0,1,2
16,21.97325,0.19177291,16,22.004,0.030750000000001165,0,0,1,2
17,22.984,0.24018908,17,22.927125,-0.05687500000000156,0,0,1,2
18,23.984,0.22364572,18,23.934625,-0.04937500000000128,0,0,1,2
19,24.98525,0.26993394,19,24.94975,-0.03549999999999898,0,0,1,2
20,25.984,0.16325964,20,25.955125,-0.02887500000000287,0,0,1,2
21,26.97325,0.19804554,21,26.95375,-0.01950000000000074,0,0,1,2
22,27.98275,0.21057115,22,28.00075,0.018000000000000682,0,0,1,2
23,28.98275,0.2608055,23,28.95675,-0.0259999999999998,0,0,1,2
24,29.98275,0.15507367,24,29.93125,-0.05150000000000077,0,0,1,2
25,30.989125,0.23969463,25,30.945875,-0.043250000000000455,0,0,1,2
26,31.9745,0.20689335,26,31.9475,-0.02699999999999747,0,0,1,2
27,32.987875,0.1785205,27,32.971125,-0.01675000000000182,0,0,1,2
28,33.97075,0.24376191,28,33.971125,0.00037499999999823785,0,0,1,2
29,34.98525,0.15818399,29,34.969875,-0.015374999999998806,0,0,1,2
30,35.98275,0.1859503,30,35.99175,0.009000000000000341,0,0,1,2
31,36.9695,0.24639308,31,36.9725,0.0030000000000001137,0,0,1,2
32,37.981625,0.25008035,32,37.96,-0.021625000000000227,0,0,1,2
33,39.00175,0.17893347,33,39.031125,0.029375000000001705,0,0,1,2
34,39.97325,0.17460686,34,39.978375,0.005124999999999602,0,0,1,2
35,40.759625,0.24606264,35,40.940875,0.18124999999999858,0,0,2,2
36,41.52125,0.27245077,36,41.57,0.048749999999998295,0,0,2,2
37,42.2905,0.32130718,37,42.195875,-0.09462500000000063,0,0,2,2
38,43.05975,0.2511127,38,42.98775,-0.07200000000000273,0,0,2,2
39,43.829,0.29752257,39,43.7765,-0.05250000000000199,0,0,2,2
40,44.60325,0.24464746,40,44.562375,-0.04087499999999977,0,0,2,2
41,45.416125,0.28426522,41,45.3315,-0.08462500000000261,0,0,2,2
42,46.13925,0.2226393,42,46.118875,-0.02037499999999426,0,0,2,2
43,46.91475,0.14522748,43,46.931375,0.016625000000004775,0,0,2,2
44,47.675125,0.10272566,44,47.709375,0.034250000000000114,0,0,2,2
45,48.445625,0.1387907,45,48.44525,-0.00037499999999823785,0,0,2,2
46,49.216125,0.22875792,46,49.211625,-0.0045000000000001705,0,0,2,2
47,49.984125,0.19704916,47,49.924875,-0.05924999999999869,0,0,2,2
48,50.7425,0.15346697,48,50.699375,-0.043124999999996305,0,0,2,2
49,51.523875,0.12949549,49,51.51025,-0.013624999999997556,0,0,2,2
50,52.295625,0.35005993,50,52.24825,-0.04737500000000239,0,0,2,2
51,53.067375,0.21137081,51,53.0415,-0.025874999999999204,0,0,2,2
52,53.81825,0.21924064,52,53.796875,-0.021374999999999034,0,0,2,2
53,54.5995,0.20398054,53,54.566125,-0.03337499999999949,0,0,2,2
54,55.3675,0.335338,54,55.332,-0.03549999999999898,0,0,2,2
55,56.13675,0.24396697,55,56.143125,0.006374999999998465,0,0,2,2
56,56.9085,0.29058093,56,56.9545,0.04600000000000648,0,0,2,2
57,57.663125,0.32409987,57,57.648875,-0.014250000000004093,0,0,2,2
58,58.434875,0.26214522,58,58.43775,0.0028750000000030695,0,0,2,2
59,59.204125,0.29246318,59,59.192125,-0.012000000000000455,0,0,2,2
60,60.001875,0.25365877,60,59.974,-0.02787500000000165,0,0,2,2
61,60.753375,0.380097,61,60.6925,-0.060874999999995794,0,0,2,2
62,61.523875,0.19332083,62,61.53975,0.015875000000001194,0,0,2,2
63,62.290625,0.20189688,63,62.321625,0.030999999999998806,0,0,2,2
64,63.061125,0.26646382,64,63.041,-0.02012500000000017,0,0,2,2
65,63.8195,0.20447767,65,63.874625,0.055125000000003865,0,0,2,2
66,64.58875,0.25652272,66,64.558,-0.030749999999997613,0,0,2,2
67,65.3675,0.24550313,67,65.292875,-0.07462500000001171,0,0,2,2
68,66.13925,0.25857782,68,66.07325,-0.0660000000000025,0,0,2,2
69,66.90725,0.23992842,69,66.917875,0.010624999999990337,0,0,2,2
70,67.6765,0.2388212,70,67.67625,-0.00025000000000829914,0,0,2,2
71,68.44575,0.2034387,71,68.407875,-0.03787499999999966,0,0,2,2
72,69.21375,0.17209807,72,69.16475,-0.049000000000006594,0,0,2,2
73,70.000625,0.16580312,73,69.953,-0.047624999999996476,0,0,2,2
74,70.752125,0.3057332,74,70.752125,0.0,0,0,2,2
75,71.521375,0.2615399,75,71.478875,-0.04250000000000398,0,0,2,2
76,72.290625,0.16539107,76,72.232375,-0.05825000000000102,0,0,2,2
77,73.062375,0.31561214,77,73.028375,-0.034000000000006025,0,0,2,2
78,73.831625,0.17936817,78,73.842625,0.01099999999999568,0,0,2,2
79,74.58875,0.22260633,79,74.59425,0.00549999999999784,0,0,2,2
80,75.35675,0.22858733,80,75.404875,0.04812499999999886,0,0,2,2
81,76.126,0.27779567,81,76.129625,0.0036249999999995453,0,0,2,2
82,76.9085,0.15725893,82,76.879,-0.02949999999999875,0,0,2,2
83,77.67525,0.20306477,83,77.719,0.04374999999998863,0,0,2,2
84,78.447,0.20886001,84,78.412875,-0.03412500000000307,0,0,2,2
85,79.202875,0.33535856,85,79.207875,0.0049999999999954525,0,0,2,2
86,79.9855,0.20790416,86,79.9545,-0.03100000000000591,0,0,2,2
87,80.74975,0.16373219,87,80.693625,-0.05612500000000864,0,0,2,2
88,81.511875,0.20021369,88,81.539125,0.02724999999999511,0,0,2,2
89,82.290625,0.17593326,89,82.266,-0.02462500000000034,0,0,2,2
90,83.061125,0.23121989,90,83.00425,-0.056875000000005116,0,0,2,2
91,83.819625,0.14050695,91,83.79825,-0.02137500000000614,0,0,2,2
92,84.599625,0.25089142,92,84.599375,-0.00025000000000829914,0,0,2,2
93,85.35675,0.23574534,93,85.3595,0.0027499999999918145,0,0,2,2
94,86.136875,0.14577201,94,86.103125,-0.033749999999997726,0,0,2,2
95,86.906,0.21784578,95,86.855875,-0.05012500000000841,0,0,2,2
96,87.66575,0.19049495,96,87.65275,-0.01300000000000523,0,0,2,2
97,88.4445,0.16038641,97,88.360125,-0.08437500000000853,0,0,2,2
98,89.21625,0.24283184,98,89.145625,-0.07062500000000682,0,0,2,2
99,89.9855,0.32730183,99,89.95,-0.03549999999999898,0,0,2,2
100,90.75225,0.2673638,100,90.712375,-0.03987500000000921,0,0,2,2
101,91.524,0.2253539,101,91.471625,-0.05237499999999784,0,0,2,2
102,92.592625,0.23185422,102,92.238125,-0.3545000000000016,0,0,2,2
103,93.359375,0.2445566,103,93.04625,-0.31312499999999943,0,0,2,2
104,94.11775,0.15516746,104,93.958,-0.1597500000000025,0,0,2,2
105,94.90025,0.18048346,105,94.979625,0.07937499999999886,0,0,2,2
106,95.667,0.24351627,106,95.695375,0.02837499999999693,0,0,2,2
107,96.42675,0.24007146,107,96.43375,0.007000000000005002,0,0,2,2
108,97.196,0.3104014,108,97.19925,0.003250000000008413,0,0,2,2
109,97.97475,0.30050948,109,97.959875,-0.014875000000003524,0,0,2,2
110,98.74525,0.30003375,110,98.714,-0.03125,0,0,2,2
111,99.51825,0.2236169,111,99.4665,-0.05174999999999841,0,0,2,2
112,100.282375,0.19915082,112,100.2355,-0.046875,0,0,2,2
113,101.038625,0.25484988,113,101.038875,0.00025000000000829914,0,0,2,2
114,101.820875,0.20644914,114,101.846875,0.02599999999999625,0,0,2,2
115,102.590125,0.24474402,115,102.6325,0.042374999999992724,0,0,2,2
116,103.3485,0.24932736,116,103.36025,0.011749999999992156,0,0,2,2
117,104.11775,0.13064194,117,104.157875,0.0401250000000033,0,0,2,2
118,104.88825,0.33089238,118,104.94675,0.05849999999999511,0,0,2,2
119,105.667,0.2685822,119,105.7235,0.05649999999999977,0,0,2,2
120,106.445125,0.20412989,120,106.41925,-0.025874999999999204,0,0,2,2
121,107.196,0.22810684,121,107.2015,0.00549999999999784,0,0,2,2
122,107.9745,0.20578341,122,107.974125,-0.0003750000000053433,0,0,2,2
123,108.74275,0.28145233,123,108.743,0.0002499999999940883,0,0,2,2
124,109.51325,0.18070297,124,109.544125,0.030874999999994657,0,0,2,2
125,110.285,0.23267871,125,110.32675,0.0417500000000075,0,0,2,2
126,111.05175,0.22389379,126,111.077,0.025249999999999773,0,0,2,2
127,111.820875,0.16833703,127,111.8285,0.007625000000004434,0,0,2,2
128,112.60025,0.35996002,128,112.60025,0.0,0,0,2,2
129,113.361875,0.27995464,129,113.336,-0.025874999999999204,0,0,2,2
130,114.129875,0.41578028,130,114.1075,-0.022374999999996703,0,0,2,2
131,114.89075,0.17182729,131,114.89125,0.0005000000000023874,0,0,2,2
132,115.668375,0.21721666,132,115.626,-0.042374999999992724,0,0,2,2
133,116.436375,0.31155512,133,116.447625,0.011250000000003979,0,0,2,2
134,117.211875,0.24224652,134,117.269375,0.05749999999999034,0,0,2,2
135,117.97325,0.19031024,135,117.973,-0.0002499999999940883,0,0,2,2
136,118.751625,0.24436492,136,118.7085,-0.04312500000000341,0,0,2,2
137,119.50375,0.33632013,137,119.54075,0.03700000000000614,0,0,2,2
138,120.273,0.27808815,138,120.27625,0.003250000000008413,0,0,2,2
139,121.201625,0.29279667,139,121.06225,-0.13937500000000114,0,0,2,2
140,121.970875,0.19741625,140,121.87625,-0.09462500000000773,0,0,2,2
141,122.730625,0.30038178,141,122.72125,-0.009375000000005684,0,0,2,2
142,123.509375,0.13545808,142,123.582125,0.0727499999999992,0,0,2,2
143,124.269,0.24227147,143,124.274375,0.005375000000000796,0,0,2,2
144,125.047875,0.058701813,144,125.10675,0.058875000000000455,0,0,2,2
145,125.84525,0.1751433,145,125.898125,0.05287500000000023,0,0,2,2
146,126.573,0.25465706,146,126.579125,0.006125000000011482,0,0,2,2
147,127.358,0.28814724,147,127.37475,0.01675000000000182,0,0,2,2
148,128.1165,0.22108959,148,128.103,-0.013499999999993406,0,0,2,2
149,128.894,0.09943105,149,128.837,-0.05700000000001637,0,0,2,2
150,129.6645,0.39322242,150,129.614375,-0.05012500000000841,0,0,2,2
151,130.4325,0.3637003,151,130.359,-0.07349999999999568,0,0,2,2
152,131.20425,0.35435262,152,131.13625,-0.06800000000001205,0,0,2,2
153,131.97975,0.26711398,153,131.8895,-0.0902499999999975,0,0,2,2
154,132.740125,0.33489773,154,132.622875,-0.11725000000001273,0,0,2,2
155,133.509375,0.18560944,155,133.386,-0.12337500000001,0,0,2,2
156,134.278625,0.31016126,156,134.171125,-0.10750000000001592,0,0,2,2
157,135.050375,0.25207207,157,134.870875,-0.17949999999999022,0,0,2,2
158,135.819625,0.28330436,158,135.615,-0.20462499999999295,0,0,2,2
159,136.407375,0.30547577,159,136.4105,0.0031250000000113687,0,0,2,2
160,137.355625,0.3492772,160,137.1795,-0.1761250000000132,0,0,2,2
161,138.114,0.3072313,161,137.8975,-0.21649999999999636,0,0,2,2
162,138.901625,0.29479194,162,138.7805,-0.12112500000000637,0,0,2,2
163,139.65375,0.29897803,163,139.451,-0.20275000000000887,0,0,2,2
164,140.423,0.2807626,164,140.2195,-0.20349999999999113,0,0,2,2
165,141.20175,0.27484402,165,140.939,-0.26275000000001114,0,0,2,2
166,141.971,0.29799876,166,141.635875,-0.335125000000005,0,0,2,2
167,142.749,0.3053679,167,142.46575,-0.28324999999998113,0,0,2,2
168,143.34325,0.34851253,168,143.346375,0.003124999999982947,0,0,2,2
169,144.304125,0.24016108,169,144.033125,-0.2709999999999866,0,0,2,2
170,145.047875,0.23308009,170,144.818375,-0.2295000000000016,0,0,2,2
171,145.817125,0.30297443,171,145.525875,-0.2912499999999909,0,0,2,2
172,146.586375,0.2188938,172,146.259375,-0.3269999999999982,0,0,2,2
173,147.358125,0.2500923,173,147.0275,-0.3306249999999977,0,0,2,2
174,148.124875,0.26401204,174,147.886875,-0.23799999999999955,0,0,2,2
175,148.895375,0.22401719,175,148.62475,-0.27062499999999545,0,0,2,2
176,149.779625,0.2674378,176,149.375875,0.4037500000000023,1,0,2,2
176,149.779625,0.2908506,177,150.149125,0.36949999999998795,0,0,2,2
177,150.548875,,,,,0,1,2,2
178,151.319375,0.25868773,178,151.025625,-0.29375000000001705,0,0,2,2
179,152.087375,0.26713425,179,151.814875,-0.27250000000000796,0,0,2,2
180,152.856625,0.31691512,180,152.494,-0.3626250000000084,0,0,2,2
181,153.62575,0.22931138,181,153.225125,-0.4006250000000193,0,0,2,2
182,154.395,0.25554186,182,154.076625,-0.3183750000000032,0,0,2,2
183,155.16425,0.21556462,183,154.857125,-0.3071250000000134,0,0,2,2
184,155.9335,0.28353828,184,155.5665,-0.36700000000001864,0,0,2,2
185,156.70275,0.34994465,185,156.390375,-0.31237500000000296,0,0,2,2
186,157.4745,0.30491716,186,157.185375,-0.28912500000001273,0,0,2,2
187,158.24375,0.41578564,187,157.89975,-0.3439999999999941,0,0,2,2
188,159.010375,0.4198014,188,158.693875,-0.3165000000000191,0,0,2,2
189,159.779625,0.4468301,189,159.487875,-0.2917500000000075,0,0,2,2
190,160.548875,0.40219355,190,160.255,-0.2938750000000141,0,0,2,2
191,161.028375,0.3335826,191,161.0315,0.003124999999982947,0,0,2,2
192,162.087375,0.25281742,192,161.808,-0.2793750000000159,0,0,2,2
193,162.856625,0.5084356,193,162.58625,-0.27037500000000136,0,0,2,2
194,163.633375,0.288784,194,163.3795,-0.25387499999999363,0,0,2,2
195,164.395,0.41896522,195,164.10925,-0.2857500000000073,0,0,2,2
196,165.16425,0.35923582,196,164.92575,-0.23850000000001614,0,0,2,2
197,165.9335,0.42175606,197,165.646625,-0.2868750000000091,0,0,2,2
198,166.70525,0.34517667,198,166.45175,-0.2535000000000025,0,0,2,2
199,167.4745,0.17247817,199,167.24325,-0.23125000000001705,0,0,2,2
200,168.24375,0.28353423,200,168.104125,-0.13962499999999523,0,0,2,2
201,169.037125,0.38270578,201,168.786625,-0.2505000000000166,0,0,2,2
202,169.7885,0.25698543,202,169.551375,-0.23712499999999181,0,0,2,2
203,170.5565,0.32693592,203,170.347875,-0.20862500000001205,0,0,2,2
204,171.318125,0.27577865,204,171.053,-0.2651250000000118,0,0,2,2
205,172.09625,0.23001927,205,171.855,-0.24125000000000796,0,0,2,2
206,172.859125,0.35561782,206,172.5635,-0.29562500000000114,0,0,2,2
207,173.625875,0.3518771,207,173.3025,-0.32337499999999864,0,0,2,2
208,174.395125,0.22491838,208,174.135875,-0.25925000000000864,0,0,2,2
208,174.395125,0.29724747,209,174.883625,-0.4884999999999877,1,0,2,2
